Pokemon,great,ultra,master,cleaned,Family,origin,rn
Abomasnow,113,75,259,Abomasnow,Snover / Abomasnow / ,A,1
Abomasnow (Shadow),41,70,231,Abomasnow,Snover / Abomasnow / ,A,1
Absol,870,650,513,Absol,Absol /  / ,A,1
Absol (Shadow),871,601,506,Absol,Absol /  / ,A,1
Accelgor,897,652,587,Accelgor,Shelmet / Accelgor / ,A,1
Aerodactyl,665,487,353,Aerodactyl,Aerodactyl /  / ,A,1
Aerodactyl (Shadow),671,488,358,Aerodactyl,Aerodactyl /  / ,A,1
Aggron,610,445,272,Aggron,Aron / Lairon / Aggron,A,1
Aggron (Shadow),551,479,293,Aggron,Aron / Lairon / Aggron,A,1
Aipom,837,1000,1000,Aipom,Aipom / Ambipom / ,A,1
Aipom (Shadow),807,1000,1000,Aipom,Aipom / Ambipom / ,A,1
Alakazam,753,527,254,Alakazam,Abra / Kadabra / Alakazam,A,1
Alakazam (Shadow),696,509,247,Alakazam,Abra / Kadabra / Alakazam,A,1
Alomomola,524,405,533,Alomomola,Alomomola /  / ,A,1
Altaria,79,228,471,Altaria,Swablu / Altaria / ,A,1
Amaura,252,1000,1000,Amaura,Amaura / Aurorus / ,A,1
Ambipom,889,609,576,Ambipom,Aipom / Ambipom / ,A,1
Ambipom (Shadow),861,629,547,Ambipom,Aipom / Ambipom / ,A,1
Amoonguss,368,334,525,Amoonguss,Foongus / Amoonguss / ,A,1
Amoonguss (Shadow),435,348,530,Amoonguss,Foongus / Amoonguss / ,A,1
Ampharos,315,256,260,Ampharos,Mareep / Flaaffy / Ampharos,A,1
Ampharos (Shadow),305,184,281,Ampharos,Mareep / Flaaffy / Ampharos,A,1
Annihilape,4,27,56,Annihilape,Mankey / Primeape / Annihilape,A,1
Anorith,942,1000,1000,Anorith,Anorith / Armaldo / ,A,1
Anorith (Shadow),943,1000,1000,Anorith,Anorith / Armaldo / ,A,1
Araquanid,282,619,589,Araquanid,Dewpider / Araquanid / ,A,1
Arbok,833,681,1000,Arbok,Ekans / Arbok / ,A,1
Arbok (Shadow),854,687,1000,Arbok,Ekans / Arbok / ,A,1
Arboliva,683,522,282,Arboliva,Smoliv / Dolliv / Arboliva,A,1
Arcanine,577,552,286,Arcanine,Growlithe / Arcanine / ,A,1
Arcanine (Hisuian),713,580,318,Arcanine,Growlithe / Arcanine / ,A,1
Arcanine (Shadow),549,362,274,Arcanine,Growlithe / Arcanine / ,A,1
Archen,557,1000,1000,Archen,Archen / Archeops / ,A,1
Archeops,565,418,219,Archeops,Archen / Archeops / ,A,1
Arctibax,77,173,475,Arctibax,Frigibax / Arctibax / Baxcalibur,A,1
Ariados,283,1000,1000,Ariados,Spinarak / Ariados / ,A,1
Armaldo,720,564,406,Armaldo,Anorith / Armaldo / ,A,1
Armaldo (Shadow),622,521,403,Armaldo,Anorith / Armaldo / ,A,1
Armarouge,301,215,143,Armarouge,Charcadet / Armarouge / Ceruledge / ,A,1
Aromatisse,290,224,396,Aromatisse,Spritzee / Aromatisse / ,A,1
Aron,768,1000,1000,Aron,Aron / Lairon / Aggron,A,1
Aron (Shadow),694,1000,1000,Aron,Aron / Lairon / Aggron,A,1
Articuno,375,153,139,Articuno,Articuno /  / ,A,1
Articuno (Galarian),552,468,180,Articuno,Articuno /  / ,A,1
Articuno (Shadow),412,194,116,Articuno,Articuno /  / ,A,1
Audino,930,704,1000,Audino,Audino /  / ,A,1
Aurorus,53,44,181,Aurorus,Amaura / Aurorus / ,A,1
Avalugg,369,288,70,Avalugg,Bergmite / Avalugg / ,A,1
Avalugg (Hisuian),230,177,25,Avalugg,Bergmite / Avalugg / ,A,1
Axew,922,1000,1000,Axew,Axew / Fraxure / Haxorus,A,1
Azelf,899,663,450,Azelf,Azelf /  / ,A,1
Azumarill,12,610,1000,Azumarill,Azurill / Marill / Azumarill,A,1
Banette,590,315,1000,Banette,Shuppet / Banette / ,A,1
Banette (Shadow),705,395,1000,Banette,Shuppet / Banette / ,A,1
Barbaracle,338,225,316,Barbaracle,Binacle / Barbaracle / ,A,1
Basculin,501,542,1000,Basculin,Basculin / Basculegion / ,A,1
Bastiodon,6,628,1000,Bastiodon,Shieldon / Bastiodon / ,A,1
Bastiodon (Shadow),15,640,1000,Bastiodon,Shieldon / Bastiodon / ,A,1
Baxcalibur,237,195,38,Baxcalibur,Frigibax / Arctibax / Baxcalibur,A,1
Bayleef,336,1000,1000,Bayleef,Chikorita / Bayleef / Meganium,A,1
Bayleef (Shadow),214,1000,1000,Bayleef,Chikorita / Bayleef / Meganium,A,1
Beartic,525,495,165,Beartic,Cubchoo / Beartic / ,A,1
Beautifly,903,1000,1000,Beautifly,Wurmple / Silcoon / Cascoon / Beautifly / Dustox,A,1
Beedrill,302,548,1000,Beedrill,Weedle / Kakuna / Beedrill,A,1
Beedrill (Shadow),242,549,1000,Beedrill,Weedle / Kakuna / Beedrill,A,1
Beheeyem,848,620,495,Beheeyem,Elgyem / Beheeyem / ,A,1
Bellibolt,134,45,238,Bellibolt,Tadbulb / Bellibolt / ,A,1
Bellossom,205,243,439,Bellossom,Oddish / Gloom / Vileplume / Bellossom,A,1
Bellossom (Shadow),215,210,442,Bellossom,Oddish / Gloom / Vileplume / Bellossom,A,1
Bergmite,830,1000,1000,Bergmite,Bergmite / Avalugg / ,A,1
Bewear,306,244,144,Bewear,Stufful / Bewear / ,A,1
Bibarel,473,642,1000,Bibarel,Bidoof / Bibarel / ,A,1
Bibarel (Shadow),462,648,1000,Bibarel,Bidoof / Bibarel / ,A,1
Bisharp,600,456,275,Bisharp,Pawniard / Bisharp / Kingambit,A,1
Blacephalon,1000,1000,149,Blacephalon,Blacephalon /  / ,A,1
Blastoise,195,63,225,Blastoise,Squirtle / Wartortle / Blastoise,A,1
Blastoise (Shadow),255,129,250,Blastoise,Squirtle / Wartortle / Blastoise,A,1
Blaziken,178,203,202,Blaziken,Torchic / Combusken / Blaziken,A,1
Blaziken (Shadow),152,168,188,Blaziken,Torchic / Combusken / Blaziken,A,1
Blissey,678,464,449,Blissey,Happiny / Chansey / Blissey,A,1
Boldore,810,662,1000,Boldore,Roggenrola / Boldore / Gigalith,A,1
Bombirdier,223,53,313,Bombirdier,Bombirdier /  / ,A,1
Bonsly,467,1000,1000,Bonsly,Bonsly / Sudowoodo / ,A,1
Bouffalant,591,406,332,Bouffalant,Bouffalant /  / ,A,1
Braixen,769,1000,1000,Braixen,Fennekin / Braixen / Delphox,A,1
Braviary,436,293,278,Braviary,Rufflet / Braviary / ,A,1
Braviary (Hisuian),1000,499,466,Braviary,Rufflet / Braviary / ,A,1
Breloom,616,489,382,Breloom,Shroomish / Breloom / ,A,1
Brionne,792,670,1000,Brionne,Popplio / Brionne / Primarina,A,1
Bronzong,339,263,507,Bronzong,Bronzor / Bronzong / ,A,1
Bruxish,224,226,451,Bruxish,Bruxish /  / ,A,1
Bulbasaur,748,1000,1000,Bulbasaur,Bulbasaur / Ivysaur / Venusaur,A,1
Bulbasaur (Shadow),739,1000,1000,Bulbasaur,Bulbasaur / Ivysaur / Venusaur,A,1
Buneary,711,1000,1000,Buneary,Buneary / Lopunny / ,A,1
Butterfree,931,1000,1000,Butterfree,Caterpie / Metapod / Butterfree,A,1
Buzzwole,216,57,51,Buzzwole,Buzzwole /  / ,A,1
Cacturne,803,519,1000,Cacturne,Cacnea / Cacturne / ,A,1
Cacturne (Shadow),813,546,1000,Cacturne,Cacnea / Cacturne / ,A,1
Camerupt,566,399,1000,Camerupt,Numel / Camerupt / ,A,1
Camerupt (Shadow),601,462,1000,Camerupt,Numel / Camerupt / ,A,1
Carbink,2,611,1000,Carbink,Carbink /  / ,A,1
Carnivine,424,420,531,Carnivine,Carnivine /  / ,A,1
Carracosta,496,400,363,Carracosta,Tirtouga / Carracosta / ,A,1
Castform,376,1000,1000,Castform,Castform /  / ,A,1
Castform (Rainy),147,1000,1000,Castform,Castform /  / ,A,1
Castform (Snowy),154,1000,1000,Castform,Castform /  / ,A,1
Castform (Sunny),370,1000,1000,Castform,Castform /  / ,A,1
Celebi,583,472,153,Celebi,Celebi /  / ,A,1
Celesteela,307,252,163,Celesteela,Celesteela /  / ,A,1
Ceruledge,326,204,161,Ceruledge,Charcadet / Armarouge / Ceruledge / ,A,1
Cetitan,62,117,35,Cetitan,Cetoddle / Cetitan / ,A,1
Cetoddle,46,1000,1000,Cetoddle,Cetoddle / Cetitan / ,A,1
Chandelure,468,575,179,Chandelure,Litwick / Lampent / Chandelure,A,1
Chandelure (Shadow),455,337,175,Chandelure,Litwick / Lampent / Chandelure,A,1
Chansey,415,705,1000,Chansey,Happiny / Chansey / Blissey,A,1
Charizard,148,80,194,Charizard,Charmander / Charmeleon / Charizard,A,1
Charizard (Shadow),140,64,198,Charizard,Charmander / Charmeleon / Charizard,A,1
Charjabug,47,1000,1000,Charjabug,Grubbin / Charjabug / Vikavolt,A,1
Charmeleon,729,1000,1000,Charmeleon,Charmander / Charmeleon / Charizard,A,1
Charmeleon (Shadow),660,1000,1000,Charmeleon,Charmander / Charmeleon / Charizard,A,1
Chatot,887,1000,1000,Chatot,Chatot /  / ,A,1
Cherrim (Overcast),932,693,1000,Cherrim,Cherubi / Cherrim / ,A,1
Cherrim (Sunshine),469,515,1000,Cherrim,Cherubi / Cherrim / ,A,1
Chesnaught,104,123,124,Chesnaught,Chespin / Quilladin / Chesnaught,A,1
Chespin,693,1000,1000,Chespin,Chespin / Quilladin / Chesnaught,A,1
Chimecho,759,538,565,Chimecho,Chingling / Chimecho / ,A,1
Chinchou,770,1000,1000,Chinchou,Chinchou / Lanturn / ,A,1
Cinccino,797,612,563,Cinccino,Minccino / Cinccino / ,A,1
Clamperl,639,1000,1000,Clamperl,Clamperl / Huntail / Gorebyss / ,A,1
Clauncher,909,1000,1000,Clauncher,Clauncher / Clawitzer / ,A,1
Clawitzer,890,608,421,Clawitzer,Clauncher / Clawitzer / ,A,1
Claydol,553,606,554,Claydol,Baltoy / Claydol / ,A,1
Clefable,164,76,273,Clefable,Cleffa / Clefairy / Clefable,A,1
Clefairy,952,1000,1000,Clefairy,Cleffa / Clefairy / Clefable,A,1
Clodsire,18,189,477,Clodsire,Wooper / Quagsire / Clodsire / ,A,1
Cloyster,537,349,334,Cloyster,Shellder / Cloyster / ,A,1
Cloyster (Shadow),546,408,333,Cloyster,Shellder / Cloyster / ,A,1
Cobalion,1000,13,87,Cobalion,Cobalion /  / ,A,1
Cofagrigus,115,65,397,Cofagrigus,Yamask / Cofagrigus / Runerigus / ,A,1
Combusken,666,1000,1000,Combusken,Torchic / Combusken / Blaziken,A,1
Combusken (Shadow),703,1000,1000,Combusken,Torchic / Combusken / Blaziken,A,1
Comfey,567,501,557,Comfey,Comfey /  / ,A,1
Conkeldurr,185,154,91,Conkeldurr,Timburr / Gurdurr / Conkeldurr,A,1
Corphish,814,1000,1000,Corphish,Corphish / Crawdaunt / ,A,1
Corphish (Shadow),774,1000,1000,Corphish,Corphish / Crawdaunt / ,A,1
Corsola,578,1000,1000,Corsola,Corsola / Cursola / ,A,1
Crabominable,818,621,345,Crabominable,Crabrawler / Crabominable / ,A,1
Crabrawler,864,1000,1000,Crabrawler,Crabrawler / Crabominable / ,A,1
Cradily,98,155,481,Cradily,Lileep / Cradily / ,A,1
Cradily (Shadow),131,216,486,Cradily,Lileep / Cradily / ,A,1
Crawdaunt,543,323,377,Crawdaunt,Corphish / Crawdaunt / ,A,1
Crawdaunt (Shadow),475,309,336,Crawdaunt,Corphish / Crawdaunt / ,A,1
Cresselia,25,15,131,Cresselia,Cresselia /  / ,A,1
Crobat,563,358,456,Crobat,Zubat / Golbat / Crobat,A,1
Crobat (Shadow),554,283,437,Crobat,Zubat / Golbat / Crobat,A,1
Crocalor,256,474,1000,Crocalor,Fuecoco / Crocalor / Skeledirge,A,1
Croconaw,520,1000,1000,Croconaw,Totodile / Croconaw / Feraligatr,A,1
Croconaw (Shadow),458,1000,1000,Croconaw,Totodile / Croconaw / Feraligatr,A,1
Crustle,574,377,386,Crustle,Dwebble / Crustle / ,A,1
Crustle (Shadow),570,401,354,Crustle,Dwebble / Crustle / ,A,1
Cryogonal,416,327,191,Cryogonal,Cryogonal /  / ,A,1
Cubone,867,1000,1000,Cubone,Cubone / Marowak / ,A,1
Cubone (Shadow),841,1000,1000,Cubone,Cubone / Marowak / ,A,1
Darkrai,835,637,121,Darkrai,Darkrai /  / ,A,1
Darmanitan (Galarian),834,658,284,Darmanitan,Darumaka / Darmanitan / ,A,1
Darmanitan (Standard),459,247,178,Darmanitan,Darumaka / Darmanitan / ,A,1
Darmanitan (Standard) (Shadow),491,301,182,Darmanitan,Darumaka / Darmanitan / ,A,1
Dartrix,201,602,1000,Dartrix,Rowlet / Dartrix / Decidueye,A,1
Darumaka,621,1000,1000,Darumaka,Darumaka / Darmanitan / ,A,1
Darumaka (Galarian),741,1000,1000,Darumaka,Darumaka / Darmanitan / ,A,1
Decidueye,156,156,222,Decidueye,Rowlet / Dartrix / Decidueye,A,1
Decidueye (Hisuian),465,368,255,Decidueye,Rowlet / Dartrix / Decidueye,A,1
Dedenne,182,556,1000,Dedenne,Dedenne /  / ,A,1
Deerling,872,1000,1000,Deerling,Deerling / Sawsbuck / ,A,1
Delcatty,640,1000,1000,Delcatty,Skitty / Delcatty / ,A,1
Delphox,540,378,232,Delphox,Fennekin / Braixen / Delphox,A,1
Deoxys,1000,1000,582,Deoxys,Deoxys /  / ,A,1
Deoxys (Defense),69,38,412,Deoxys,Deoxys /  / ,A,1
Deoxys (Speed),933,691,577,Deoxys,Deoxys /  / ,A,1
Dewgong,86,282,414,Dewgong,Seel / Dewgong / ,A,1
Dewott,357,1000,1000,Dewott,Oshawott / Dewott / Samurott,A,1
Dialga,1000,402,36,Dialga,Dialga /  / ,A,1
Dialga (Origin),1000,379,23,Dialga,Dialga /  / ,A,1
Diancie,669,396,287,Diancie,Diancie /  / ,A,1
Diggersby,99,1000,1000,Diggersby,Bunnelby / Diggersby / ,A,1
Dodrio,506,245,480,Dodrio,Doduo / Dodrio / ,A,1
Dolliv,584,1000,1000,Dolliv,Smoliv / Dolliv / Arboliva,A,1
Donphan,381,310,158,Donphan,Phanpy / Donphan / ,A,1
Donphan (Shadow),362,338,186,Donphan,Phanpy / Donphan / ,A,1
Dragalge,111,46,387,Dragalge,Skrelp / Dragalge / ,A,1
Dragonair,50,1000,1000,Dragonair,Dratini / Dragonair / Dragonite,A,1
Dragonair (Shadow),36,1000,1000,Dragonair,Dratini / Dragonair / Dragonite,A,1
Dragonite,105,104,4,Dragonite,Dratini / Dragonair / Dragonite,A,1
Dragonite (Shadow),80,39,9,Dragonite,Dratini / Dragonair / Dragonite,A,1
Drampa,515,388,248,Drampa,Drampa /  / ,A,1
Drapion,179,110,349,Drapion,Skorupi / Drapion / ,A,1
Drapion (Shadow),126,81,324,Drapion,Skorupi / Drapion / ,A,1
Drifblim,340,205,364,Drifblim,Drifloon / Drifblim / ,A,1
Drifblim (Shadow),264,197,367,Drifblim,Drifloon / Drifblim / ,A,1
Drifloon,568,1000,1000,Drifloon,Drifloon / Drifblim / ,A,1
Drifloon (Shadow),531,1000,1000,Drifloon,Drifloon / Drifblim / ,A,1
Drilbur,674,1000,1000,Drilbur,Drilbur / Excadrill / ,A,1
Drilbur (Shadow),687,1000,1000,Drilbur,Drilbur / Excadrill / ,A,1
Drowzee,900,1000,1000,Drowzee,Drowzee / Hypno / ,A,1
Drowzee (Shadow),912,1000,1000,Drowzee,Drowzee / Hypno / ,A,1
Druddigon,189,185,279,Druddigon,Druddigon /  / ,A,1
Dubwool,73,73,497,Dubwool,Wooloo / Dubwool / ,A,1
Dugtrio,463,1000,1000,Dugtrio,Diglett / Dugtrio / ,A,1
Dugtrio (Alolan),521,1000,1000,Dugtrio,Diglett / Dugtrio / ,A,1
Dugtrio (Alolan) (Shadow),437,1000,1000,Dugtrio,Diglett / Dugtrio / ,A,1
Dugtrio (Shadow),446,1000,1000,Dugtrio,Diglett / Dugtrio / ,A,1
Dunsparce,165,643,1000,Dunsparce,Dunsparce / Dudunsparce / ,A,1
Duosion,947,1000,1000,Duosion,Solosis / Duosion / Reuniclus,A,1
Duosion (Shadow),944,1000,1000,Duosion,Solosis / Duosion / Reuniclus,A,1
Durant,635,447,375,Durant,Durant /  / ,A,1
Dusclops,324,1000,1000,Dusclops,Duskull / Dusclops / Dusknoir,A,1
Dusclops (Shadow),402,1000,1000,Dusclops,Duskull / Dusclops / Dusknoir,A,1
Dusknoir,661,431,508,Dusknoir,Duskull / Dusclops / Dusknoir,A,1
Dusknoir (Shadow),722,409,511,Dusknoir,Duskull / Dusclops / Dusknoir,A,1
Dustox,651,1000,1000,Dustox,Wurmple / Silcoon / Cascoon / Beautifly / Dustox,A,1
Dwebble,697,1000,1000,Dwebble,Dwebble / Crustle / ,A,1
Dwebble (Shadow),704,1000,1000,Dwebble,Dwebble / Crustle / ,A,1
Eelektrik,617,1000,1000,Eelektrik,Tynamo / Eelektrik / Eelektross,A,1
Eelektross,485,353,473,Eelektross,Tynamo / Eelektrik / Eelektross,A,1
Eevee,721,1000,1000,Eevee,Eevee / Vaporeon / Jolteon / Flareon / Espeon / Umbreon / Leafeon / Glaceon / Sylveon / ,A,1
Electabuzz,597,435,569,Electabuzz,Elekid / Electabuzz / Electivire,A,1
Electabuzz (Shadow),443,284,536,Electabuzz,Elekid / Electabuzz / Electivire,A,1
Electivire,364,264,226,Electivire,Elekid / Electabuzz / Electivire,A,1
Electivire (Shadow),274,221,211,Electivire,Elekid / Electabuzz / Electivire,A,1
Electrode,444,441,564,Electrode,Voltorb / Electrode / ,A,1
Electrode (Hisuian),190,229,514,Electrode,Voltorb / Electrode / ,A,1
Electrode (Shadow),438,403,566,Electrode,Voltorb / Electrode / ,A,1
Elekid,716,1000,1000,Elekid,Elekid / Electabuzz / Electivire,A,1
Elgyem,894,1000,1000,Elgyem,Elgyem / Beheeyem / ,A,1
Emboar,773,550,340,Emboar,Tepig / Pignite / Emboar,A,1
Emolga,124,1000,1000,Emolga,Emolga /  / ,A,1
Empoleon,20,29,133,Empoleon,Piplup / Prinplup / Empoleon,A,1
Empoleon (Shadow),16,12,111,Empoleon,Piplup / Prinplup / Empoleon,A,1
Enamorus (Incarnate),1000,186,78,Enamorus,Enamorus /  / ,A,1
Entei,688,437,127,Entei,Entei /  / ,A,1
Entei (Shadow),627,459,145,Entei,Entei /  / ,A,1
Escavalier,234,108,137,Escavalier,Karrablast / Escavalier / ,A,1
Espeon,598,507,276,Espeon,Eevee / Vaporeon / Jolteon / Flareon / Espeon / Umbreon / Leafeon / Glaceon / Sylveon / ,A,1
Espurr,754,1000,1000,Espurr,Espurr / Meowstic / ,A,1
Excadrill,186,209,103,Excadrill,Drilbur / Excadrill / ,A,1
Excadrill (Shadow),133,174,88,Excadrill,Drilbur / Excadrill / ,A,1
Exeggcute,795,1000,1000,Exeggcute,Exeggcute / Exeggutor / ,A,1
Exeggcute (Shadow),755,1000,1000,Exeggcute,Exeggcute / Exeggutor / ,A,1
Exeggutor,737,596,400,Exeggutor,Exeggcute / Exeggutor / ,A,1
Exeggutor (Alolan),585,477,242,Exeggutor,Exeggcute / Exeggutor / ,A,1
Exeggutor (Alolan) (Shadow),512,460,256,Exeggutor,Exeggcute / Exeggutor / ,A,1
Exeggutor (Shadow),714,569,390,Exeggutor,Exeggcute / Exeggutor / ,A,1
Exploud,836,565,538,Exploud,Whismur / Loudred / Exploud,A,1
Exploud (Shadow),845,566,541,Exploud,Whismur / Loudred / Exploud,A,1
Falinks,238,222,341,Falinks,Falinks /  / ,A,1
Farfetch'd,303,1000,1000,Farfetch'd,Farfetch'd / Sirfetch'd / ,A,1
Farfetch'd (Galarian),291,1000,1000,Farfetch'd,Farfetch'd / Sirfetch'd / ,A,1
Fearow,442,497,1000,Fearow,Spearow / Fearow / ,A,1
Feraligatr,17,5,75,Feraligatr,Totodile / Croconaw / Feraligatr,A,1
Feraligatr (Shadow),7,2,64,Feraligatr,Totodile / Croconaw / Feraligatr,A,1
Ferroseed,921,1000,1000,Ferroseed,Ferroseed / Ferrothorn / ,A,1
Ferroseed (Shadow),935,1000,1000,Ferroseed,Ferroseed / Ferrothorn / ,A,1
Ferrothorn,112,126,430,Ferrothorn,Ferroseed / Ferrothorn / ,A,1
Ferrothorn (Shadow),146,130,460,Ferrothorn,Ferroseed / Ferrothorn / ,A,1
Flaaffy,855,1000,1000,Flaaffy,Mareep / Flaaffy / Ampharos,A,1
Flaaffy (Shadow),885,1000,1000,Flaaffy,Mareep / Flaaffy / Ampharos,A,1
Flabebe,946,1000,1000,Flabebe,Flabebe / Floette / Florges,A,1
Flareon,628,514,311,Flareon,Eevee / Vaporeon / Jolteon / Flareon / Espeon / Umbreon / Leafeon / Glaceon / Sylveon / ,A,1
Fletchinder,373,1000,1000,Fletchinder,Fletchling / Fletchinder / Talonflame,A,1
Floatzel,749,572,523,Floatzel,Buizel / Floatzel / ,A,1
Floette,657,1000,1000,Floette,Flabebe / Floette / Florges,A,1
Floragato,742,1000,1000,Floragato,Sprigatito / Floragato / Meowscarada,A,1
Florges,166,54,34,Florges,Flabebe / Floette / Florges,A,1
Flygon,161,164,320,Flygon,Trapinch / Vibrava / Flygon,A,1
Flygon (Shadow),138,111,310,Flygon,Trapinch / Vibrava / Flygon,A,1
Forretress,331,265,463,Forretress,Pineco / Forretress / ,A,1
Forretress (Shadow),377,328,431,Forretress,Pineco / Forretress / ,A,1
Fraxure,209,257,1000,Fraxure,Axew / Fraxure / Haxorus,A,1
Frigibax,284,1000,1000,Frigibax,Frigibax / Arctibax / Baxcalibur,A,1
Frillish,730,1000,1000,Frillish,Frillish / Jellicent / ,A,1
Frogadier,579,1000,1000,Frogadier,Froakie / Frogadier / Greninja,A,1
Froslass,100,316,1000,Froslass,Snorunt / Glalie / Froslass / ,A,1
Froslass (Shadow),119,299,1000,Froslass,Snorunt / Glalie / Froslass / ,A,1
Fuecoco,652,1000,1000,Fuecoco,Fuecoco / Crocalor / Skeledirge,A,1
Furfrou,210,365,515,Furfrou,Furfrou /  / ,A,1
Furret,452,682,1000,Furret,Sentret / Furret / ,A,1
Gabite,605,667,1000,Gabite,Gible / Gabite / Garchomp,A,1
Gabite (Shadow),632,668,1000,Gabite,Gible / Gabite / Garchomp,A,1
Gallade,49,90,159,Gallade,Ralts / Kirlia / Gardevoir / Gallade,A,1
Gallade (Shadow),23,31,94,Gallade,Ralts / Kirlia / Gardevoir / Gallade,A,1
Galvantula,219,160,1000,Galvantula,Joltik / Galvantula / ,A,1
Galvantula (Shadow),231,145,1000,Galvantula,Joltik / Galvantula / ,A,1
Garbodor,706,547,570,Garbodor,Trubbish / Garbodor / ,A,1
Garchomp,636,473,42,Garchomp,Gible / Gabite / Garchomp,A,1
Garchomp (Shadow),571,465,77,Garchomp,Gible / Gabite / Garchomp,A,1
Gardevoir,433,380,167,Gardevoir,Ralts / Kirlia / Gardevoir / Gallade,A,1
Gardevoir (Shadow),265,277,122,Gardevoir,Ralts / Kirlia / Gardevoir / Gallade,A,1
Gastrodon,157,118,325,Gastrodon,Shellos / Gastrodon / ,A,1
Genesect,325,311,134,Genesect,Genesect /  / ,A,1
Genesect (Burn),1000,211,109,Genesect,Genesect /  / ,A,1
Genesect (Chill),1000,161,62,Genesect,Genesect /  / ,A,1
Genesect (Douse),1000,218,106,Genesect,Genesect /  / ,A,1
Genesect (Shock),1000,151,112,Genesect,Genesect /  / ,A,1
Gengar,253,82,197,Gengar,Gastly / Haunter / Gengar,A,1
Gengar (Shadow),220,62,135,Gengar,Gastly / Haunter / Gengar,A,1
Geodude,815,1000,1000,Geodude,Geodude / Graveler / Golem,A,1
Geodude (Alolan),580,1000,1000,Geodude,Geodude / Graveler / Golem,A,1
Geodude (Alolan) (Shadow),526,1000,1000,Geodude,Geodude / Graveler / Golem,A,1
Geodude (Shadow),717,1000,1000,Geodude,Geodude / Graveler / Golem,A,1
Gholdengo,667,427,89,Gholdengo,Gimmighoul / Gholdengo / ,A,1
Gigalith,743,536,228,Gigalith,Roggenrola / Boldore / Gigalith,A,1
Girafarig,332,466,1000,Girafarig,Girafarig / Farigiraf / ,A,1
Girafarig (Shadow),297,452,1000,Girafarig,Girafarig / Farigiraf / ,A,1
Giratina (Altered),1000,4,5,Giratina,Giratina /  / ,A,1
Giratina (Origin),92,55,10,Giratina,Giratina /  / ,A,1
Glaceon,689,498,168,Glaceon,Eevee / Vaporeon / Jolteon / Flareon / Espeon / Umbreon / Leafeon / Glaceon / Sylveon / ,A,1
Glalie,483,433,499,Glalie,Snorunt / Glalie / Froslass / ,A,1
Glalie (Shadow),534,475,510,Glalie,Snorunt / Glalie / Froslass / ,A,1
Gligar,19,517,1000,Gligar,Gligar / Gliscor / ,A,1
Gligar (Shadow),8,483,1000,Gligar,Gligar / Gliscor / ,A,1
Gliscor,84,24,169,Gliscor,Gligar / Gliscor / ,A,1
Gliscor (Shadow),97,25,217,Gliscor,Gligar / Gliscor / ,A,1
Gloom,383,1000,1000,Gloom,Oddish / Gloom / Vileplume / Bellossom,A,1
Gloom (Shadow),211,1000,1000,Gloom,Oddish / Gloom / Vileplume / Bellossom,A,1
Gogoat,61,101,141,Gogoat,Skiddo / Gogoat / ,A,1
Golbat,74,268,1000,Golbat,Zubat / Golbat / Crobat,A,1
Golbat (Shadow),37,219,1000,Golbat,Zubat / Golbat / Crobat,A,1
Goldeen,806,1000,1000,Goldeen,Goldeen / Seaking / ,A,1
Golduck,429,270,407,Golduck,Psyduck / Golduck / ,A,1
Golduck (Shadow),353,275,392,Golduck,Psyduck / Golduck / ,A,1
Golem,581,422,283,Golem,Geodude / Graveler / Golem,A,1
Golem (Alolan),333,312,268,Golem,Geodude / Graveler / Golem,A,1
Golem (Alolan) (Shadow),278,266,292,Golem,Geodude / Graveler / Golem,A,1
Golem (Shadow),513,381,257,Golem,Geodude / Graveler / Golem,A,1
Golett,572,1000,1000,Golett,Golett / Golurk / ,A,1
Golett (Shadow),527,1000,1000,Golett,Golett / Golurk / ,A,1
Golisopod,168,107,73,Golisopod,Wimpod / Golisopod / ,A,1
Golurk,453,419,280,Golurk,Golett / Golurk / ,A,1
Golurk (Shadow),418,342,240,Golurk,Golett / Golurk / ,A,1
Goodra,30,37,28,Goodra,Goomy / Sliggoo / Goodra,A,1
Gorebyss,918,665,567,Gorebyss,Clamperl / Huntail / Gorebyss / ,A,1
Gothitelle,662,407,516,Gothitelle,Gothita / Gothorita / Gothitelle,A,1
Gothitelle (Shadow),698,504,532,Gothitelle,Gothita / Gothorita / Gothitelle,A,1
Gothorita,738,1000,1000,Gothorita,Gothita / Gothorita / Gothitelle,A,1
Gothorita (Shadow),744,1000,1000,Gothorita,Gothita / Gothorita / Gothitelle,A,1
Gourgeist (Average),384,294,435,Gourgeist,Pumpkaboo / Gourgeist / ,A,1
Gourgeist (Large),341,295,365,Gourgeist,Pumpkaboo / Gourgeist / ,A,1
Gourgeist (Small),371,331,498,Gourgeist,Pumpkaboo / Gourgeist / ,A,1
Gourgeist (Super),342,289,297,Gourgeist,Pumpkaboo / Gourgeist / ,A,1
Granbull,408,285,434,Granbull,Snubbull / Granbull / ,A,1
Granbull (Shadow),232,236,369,Granbull,Snubbull / Granbull / ,A,1
Graveler,486,587,1000,Graveler,Geodude / Graveler / Golem,A,1
Graveler (Alolan),327,576,1000,Graveler,Geodude / Graveler / Golem,A,1
Graveler (Alolan) (Shadow),260,551,1000,Graveler,Geodude / Graveler / Golem,A,1
Graveler (Shadow),439,553,1000,Graveler,Geodude / Graveler / Golem,A,1
Greedent,106,43,351,Greedent,Skwovet / Greedent / ,A,1
Greninja,81,51,154,Greninja,Froakie / Frogadier / Greninja,A,1
Grimer,248,1000,1000,Grimer,Grimer / Muk / ,A,1
Grimer (Alolan),304,1000,1000,Grimer,Grimer / Muk / ,A,1
Grimer (Alolan) (Shadow),298,1000,1000,Grimer,Grimer / Muk / ,A,1
Grimer (Shadow),191,1000,1000,Grimer,Grimer / Muk / ,A,1
Grotle,354,624,1000,Grotle,Turtwig / Grotle / Torterra,A,1
Grotle (Shadow),245,592,1000,Grotle,Turtwig / Grotle / Torterra,A,1
Groudon,1000,423,8,Groudon,Groudon /  / ,A,1
Groudon (Shadow),592,397,20,Groudon,Groudon /  / ,A,1
Grovyle,266,1000,1000,Grovyle,Treecko / Grovyle / Sceptile,A,1
Grovyle (Shadow),328,1000,1000,Grovyle,Treecko / Grovyle / Sceptile,A,1
Growlithe,658,1000,1000,Growlithe,Growlithe / Arcanine / ,A,1
Growlithe (Hisuian),745,1000,1000,Growlithe,Growlithe / Arcanine / ,A,1
Growlithe (Shadow),623,1000,1000,Growlithe,Growlithe / Arcanine / ,A,1
Grumpig,888,582,571,Grumpig,Spoink / Grumpig / ,A,1
Grumpig (Shadow),911,603,586,Grumpig,Spoink / Grumpig / ,A,1
Gumshoos,906,685,1000,Gumshoos,Yungoos / Gumshoos / ,A,1
Gurdurr,582,480,539,Gurdurr,Timburr / Gurdurr / Conkeldurr,A,1
Guzzlord,38,21,105,Guzzlord,Guzzlord /  / ,A,1
Gyarados,173,88,29,Gyarados,Magikarp / Gyarados / ,A,1
Gyarados (Shadow),174,83,24,Gyarados,Magikarp / Gyarados / ,A,1
Hakamo-o,33,1000,1000,Hakamo-o,Jangmo-o / Hakamo-o / Kommo-o,A,1
Hariyama,292,212,192,Hariyama,Makuhita / Hariyama / ,A,1
Hariyama (Shadow),378,240,184,Hariyama,Makuhita / Hariyama / ,A,1
Haunter,158,1000,1000,Haunter,Gastly / Haunter / Gengar,A,1
Haunter (Shadow),192,1000,1000,Haunter,Gastly / Haunter / Gengar,A,1
Hawlucha,226,179,408,Hawlucha,Hawlucha /  / ,A,1
Haxorus,334,359,108,Haxorus,Axew / Fraxure / Haxorus,A,1
Heatmor,586,438,535,Heatmor,Heatmor /  / ,A,1
Heatran,212,271,67,Heatran,Heatran /  / ,A,1
Heliolisk,516,339,424,Heliolisk,Helioptile / Heliolisk / ,A,1
Heracross,348,202,136,Heracross,Heracross /  / ,A,1
Herdier,547,1000,1000,Herdier,Lillipup / Herdier / Stoutland,A,1
Hippopotas,187,1000,1000,Hippopotas,Hippopotas / Hippowdon / ,A,1
Hippopotas (Shadow),132,1000,1000,Hippopotas,Hippopotas / Hippowdon / ,A,1
Hippowdon,167,92,82,Hippowdon,Hippopotas / Hippowdon / ,A,1
Hippowdon (Shadow),101,71,74,Hippowdon,Hippopotas / Hippowdon / ,A,1
Hitmonchan,275,253,317,Hitmonchan,Tyrogue / Hitmonlee / Hitmonchan / Hitmontop / ,A,1
Hitmonchan (Shadow),183,198,321,Hitmonchan,Tyrogue / Hitmonlee / Hitmonchan / Hitmontop / ,A,1
Hitmonlee,449,354,360,Hitmonlee,Tyrogue / Hitmonlee / Hitmonchan / Hitmontop / ,A,1
Hitmonlee (Shadow),428,332,350,Hitmonlee,Tyrogue / Hitmonlee / Hitmonchan / Hitmontop / ,A,1
Hitmontop,70,66,299,Hitmontop,Tyrogue / Hitmonlee / Hitmonchan / Hitmontop / ,A,1
Hitmontop (Shadow),71,98,277,Hitmontop,Tyrogue / Hitmonlee / Hitmonchan / Hitmontop / ,A,1
Ho-Oh,460,132,16,Ho-Oh,Ho-Oh /  / ,A,1
Ho-Oh (Shadow),489,162,27,Ho-Oh,Ho-Oh /  / ,A,1
Honchkrow,655,387,359,Honchkrow,Murkrow / Honchkrow / ,A,1
Honchkrow (Shadow),707,392,347,Honchkrow,Murkrow / Honchkrow / ,A,1
Hoopa,881,674,393,Hoopa,Hoopa /  / ,A,1
Hoopa (Unbound),1000,688,199,Hoopa,Hoopa /  / ,A,1
Houndoom,670,516,404,Houndoom,Houndour / Houndoom / ,A,1
Houndoom (Shadow),629,461,376,Houndoom,Houndour / Houndoom / ,A,1
Houndour,882,1000,1000,Houndour,Houndour / Houndoom / ,A,1
Houndour (Shadow),859,1000,1000,Houndour,Houndour / Houndoom / ,A,1
Houndstone,318,206,372,Houndstone,Greavard / Houndstone / ,A,1
Huntail,492,410,468,Huntail,Clamperl / Huntail / Gorebyss / ,A,1
Hydreigon,343,290,46,Hydreigon,Deino / Zweilous / Hydreigon,A,1
Hypno,217,329,543,Hypno,Drowzee / Hypno / ,A,1
Hypno (Shadow),349,453,544,Hypno,Drowzee / Hypno / ,A,1
Illumise,804,696,1000,Illumise,Illumise /  / ,A,1
Incineroar,279,112,138,Incineroar,Litten / Torracat / Incineroar,A,1
Infernape,630,428,405,Infernape,Chimchar / Monferno / Infernape,A,1
Infernape (Shadow),690,505,416,Infernape,Chimchar / Monferno / Infernape,A,1
Ivysaur,243,1000,1000,Ivysaur,Bulbasaur / Ivysaur / Venusaur,A,1
Ivysaur (Shadow),257,1000,1000,Ivysaur,Bulbasaur / Ivysaur / Venusaur,A,1
Jellicent,39,26,290,Jellicent,Frillish / Jellicent / ,A,1
Jirachi,344,305,110,Jirachi,Jirachi /  / ,A,1
Jolteon,654,490,422,Jolteon,Eevee / Vaporeon / Jolteon / Flareon / Espeon / Umbreon / Leafeon / Glaceon / Sylveon / ,A,1
Jumpluff,117,581,1000,Jumpluff,Hoppip / Skiploom / Jumpluff,A,1
Jumpluff (Shadow),120,554,1000,Jumpluff,Hoppip / Skiploom / Jumpluff,A,1
Jynx,904,656,553,Jynx,Smoochum / Jynx / ,A,1
Kabuto,849,1000,1000,Kabuto,Kabuto / Kabutops / ,A,1
Kabutops,712,502,457,Kabutops,Kabuto / Kabutops / ,A,1
Kadabra,949,1000,1000,Kadabra,Abra / Kadabra / Alakazam,A,1
Kangaskhan,647,491,425,Kangaskhan,Kangaskhan /  / ,A,1
Karrablast,762,1000,1000,Karrablast,Karrablast / Escavalier / ,A,1
Kartana,389,457,171,Kartana,Kartana /  / ,A,1
Kecleon,791,657,592,Kecleon,Kecleon /  / ,A,1
Keldeo (Ordinary),1000,454,66,Keldeo,Keldeo /  / ,A,1
Kingdra,522,302,289,Kingdra,Horsea / Seadra / Kingdra,A,1
Kingdra (Shadow),569,389,343,Kingdra,Horsea / Seadra / Kingdra,A,1
Kingler,731,469,394,Kingler,Krabby / Kingler / ,A,1
Klang,641,686,1000,Klang,Klink / Klang / Klinklang,A,1
Kleavor,555,463,229,Kleavor,Scyther / Scizor / Kleavor / ,A,1
Klefki,474,539,1000,Klefki,Klefki /  / ,A,1
Klinklang,602,415,454,Klinklang,Klink / Klang / Klinklang,A,1
Koffing,927,1000,1000,Koffing,Koffing / Weezing / ,A,1
Koffing (Shadow),934,1000,1000,Koffing,Koffing / Weezing / ,A,1
Komala,938,678,584,Komala,Komala /  / ,A,1
Kommo-o,54,72,54,Kommo-o,Jangmo-o / Hakamo-o / Kommo-o,A,1
Krabby,850,1000,1000,Krabby,Krabby / Kingler / ,A,1
Kricketune,532,1000,1000,Kricketune,Kricketot / Kricketune / ,A,1
Krokorok,750,1000,1000,Krokorok,Sandile / Krokorok / Krookodile,A,1
Krookodile,708,492,190,Krookodile,Sandile / Krokorok / Krookodile,A,1
Kyogre,1000,450,26,Kyogre,Kyogre /  / ,A,1
Kyogre (Shadow),558,496,31,Kyogre,Kyogre /  / ,A,1
Kyurem,1000,84,12,Kyurem,Kyurem /  / ,A,1
Lairon,699,636,585,Lairon,Aron / Lairon / Aggron,A,1
Lairon (Shadow),642,632,573,Lairon,Aron / Lairon / Aggron,A,1
Lampent,862,1000,1000,Lampent,Litwick / Lampent / Chandelure,A,1
Lampent (Shadow),808,1000,1000,Lampent,Litwick / Lampent / Chandelure,A,1
Landorus (Incarnate),1000,344,49,Landorus,Landorus /  / ,A,1
Landorus (Therian),1000,149,3,Landorus,Landorus /  / ,A,1
Lanturn,26,105,440,Lanturn,Chinchou / Lanturn / ,A,1
Lapras,221,133,200,Lapras,Lapras /  / ,A,1
Lapras (Shadow),267,137,193,Lapras,Lapras /  / ,A,1
Larvesta,756,1000,1000,Larvesta,Larvesta / Volcarona / ,A,1
Latias,644,471,118,Latias,Latias /  / ,A,1
Latias (Shadow),564,528,170,Latias,Latias /  / ,A,1
Latios,365,321,52,Latios,Latios /  / ,A,1
Latios (Shadow),270,259,37,Latios,Latios /  / ,A,1
Leafeon,246,340,221,Leafeon,Eevee / Vaporeon / Jolteon / Flareon / Espeon / Umbreon / Leafeon / Glaceon / Sylveon / ,A,1
Leavanny,403,296,361,Leavanny,Sewaddle / Swadloon / Leavanny,A,1
Ledian,419,1000,1000,Ledian,Ledyba / Ledian / ,A,1
Ledian (Shadow),430,1000,1000,Ledian,Ledyba / Ledian / ,A,1
Lickilicky,261,96,326,Lickilicky,Lickitung / Lickilicky / ,A,1
Lickitung,10,1000,1000,Lickitung,Lickitung / Lickilicky / ,A,1
Liepard,829,1000,1000,Liepard,Purrloin / Liepard / ,A,1
Liepard (Shadow),793,1000,1000,Liepard,Purrloin / Liepard / ,A,1
Lileep,239,1000,1000,Lileep,Lileep / Cradily / ,A,1
Lileep (Shadow),293,1000,1000,Lileep,Lileep / Cradily / ,A,1
Lilligant,809,638,580,Lilligant,Petilil / Lilligant / ,A,1
Linoone,329,1000,1000,Linoone,Zigzagoon / Linoone / Obstagoon,A,1
Linoone (Galarian),319,1000,1000,Linoone,Zigzagoon / Linoone / Obstagoon,A,1
Litleo,235,1000,1000,Litleo,Litleo / Pyroar / ,A,1
Lokix,387,254,436,Lokix,Nymble / Lokix / ,A,1
Lombre,663,1000,1000,Lombre,Lotad / Lombre / Ludicolo,A,1
Lopunny,413,494,500,Lopunny,Buneary / Lopunny / ,A,1
Loudred,875,1000,1000,Loudred,Whismur / Loudred / Exploud,A,1
Loudred (Shadow),842,1000,1000,Loudred,Whismur / Loudred / Exploud,A,1
Lucario,240,180,241,Lucario,Riolu / Lucario / ,A,1
Ludicolo,355,250,418,Ludicolo,Lotad / Lombre / Ludicolo,A,1
Lugia,510,231,21,Lugia,Lugia /  / ,A,1
Lugia (Shadow),709,345,43,Lugia,Lugia /  / ,A,1
Lumineon,528,645,1000,Lumineon,Finneon / Lumineon / ,A,1
Lunala,1000,597,125,Lunala,,D,1
Lunatone,805,570,558,Lunatone,Lunatone /  / ,A,1
Lurantis,72,165,335,Lurantis,Fomantis / Lurantis / ,A,1
Luxio,535,1000,1000,Luxio,Shinx / Luxio / Luxray,A,1
Luxio (Shadow),593,1000,1000,Luxio,Shinx / Luxio / Luxray,A,1
Luxray,350,306,304,Luxray,Shinx / Luxio / Luxray,A,1
Luxray (Shadow),409,297,261,Luxray,Shinx / Luxio / Luxray,A,1
Lycanroc (Dusk),760,560,461,Lycanroc,Rockruff / Lycanroc / ,A,1
Lycanroc (Midday),915,651,537,Lycanroc,Rockruff / Lycanroc / ,A,1
Lycanroc (Midnight),425,382,295,Lycanroc,Rockruff / Lycanroc / ,A,1
Machamp,63,109,117,Machamp,Machop / Machoke / Machamp,A,1
Machamp (Shadow),44,56,95,Machamp,Machop / Machoke / Machamp,A,1
Machoke,193,413,1000,Machoke,Machop / Machoke / Machamp,A,1
Machoke (Shadow),175,350,1000,Machoke,Machop / Machoke / Machamp,A,1
Machop,517,1000,1000,Machop,Machop / Machoke / Machamp,A,1
Machop (Shadow),445,1000,1000,Machop,Machop / Machoke / Machamp,A,1
Magby,606,1000,1000,Magby,Magby / Magmar / Magmortar,A,1
Magcargo,299,635,1000,Magcargo,Slugma / Magcargo / ,A,1
Magmar,603,503,522,Magmar,Magby / Magmar / Magmortar,A,1
Magmar (Shadow),470,451,503,Magmar,Magby / Magmar / Magmortar,A,1
Magmortar,544,484,269,Magmortar,Magby / Magmar / Magmortar,A,1
Magmortar (Shadow),456,346,252,Magmortar,Magby / Magmar / Magmortar,A,1
Magnemite,404,1000,1000,Magnemite,Magnemite / Magneton / Magnezone,A,1
Magnemite (Shadow),363,1000,1000,Magnemite,Magnemite / Magneton / Magnezone,A,1
Magneton,345,352,464,Magneton,Magnemite / Magneton / Magnezone,A,1
Magneton (Shadow),294,298,446,Magneton,Magnemite / Magneton / Magnezone,A,1
Magnezone,93,181,160,Magnezone,Magnemite / Magneton / Magnezone,A,1
Magnezone (Shadow),144,139,130,Magnezone,Magnemite / Magneton / Magnezone,A,1
Malamar,388,232,432,Malamar,Inkay / Malamar / ,A,1
Mamoswine,497,369,39,Mamoswine,Swinub / Piloswine / Mamoswine,A,1
Mamoswine (Shadow),538,390,48,Mamoswine,Swinub / Piloswine / Mamoswine,A,1
Mandibuzz,11,14,330,Mandibuzz,Vullaby / Mandibuzz / ,A,1
Manectric,511,322,520,Manectric,Electrike / Manectric / ,A,1
Manectric (Shadow),548,366,482,Manectric,Electrike / Manectric / ,A,1
Mankey,783,1000,1000,Mankey,Mankey / Primeape / Annihilape,A,1
Mantine,5,143,420,Mantine,Mantyke / Mantine / ,A,1
Mantyke,262,1000,1000,Mantyke,Mantyke / Mantine / ,A,1
Maractus,787,558,581,Maractus,Maractus /  / ,A,1
Marowak,395,595,1000,Marowak,Cubone / Marowak / ,A,1
Marowak (Alolan),129,544,1000,Marowak,Cubone / Marowak / ,A,1
Marowak (Alolan) (Shadow),114,510,1000,Marowak,Cubone / Marowak / ,A,1
Marowak (Shadow),280,567,1000,Marowak,Cubone / Marowak / ,A,1
Marshadow,1000,157,32,Marshadow,Marshadow /  / ,A,1
Marshtomp,149,577,1000,Marshtomp,Mudkip / Marshtomp / Swampert,A,1
Marshtomp (Shadow),162,590,1000,Marshtomp,Mudkip / Marshtomp / Swampert,A,1
Masquerain,811,520,550,Masquerain,Surskit / Masquerain / ,A,1
Mawile,573,1000,1000,Mawile,Mawile /  / ,A,1
Mawile (Shadow),575,1000,1000,Mawile,Mawile /  / ,A,1
Medicham,21,1000,1000,Medicham,Meditite / Medicham / ,A,1
Meganium,87,59,243,Meganium,Chikorita / Bayleef / Meganium,A,1
Meganium (Shadow),91,40,294,Meganium,Chikorita / Bayleef / Meganium,A,1
Melmetal,285,255,53,Melmetal,Meltan / Melmetal / ,A,1
Meloetta (Aria),1000,444,13,Meloetta,Meloetta /  / ,A,1
Meltan,936,1000,1000,Meltan,Meltan / Melmetal / ,A,1
Meowscarada,434,373,223,Meowscarada,Sprigatito / Floragato / Meowscarada,A,1
Meowstic (Female),777,627,594,Meowstic,Espurr / Meowstic / ,A,1
Meowstic (Male),798,630,595,Meowstic,Espurr / Meowstic / ,A,1
Mesprit,761,561,309,Mesprit,Mesprit /  / ,A,1
Metagross,734,559,57,Metagross,Beldum / Metang / Metagross,A,1
Metagross (Shadow),799,588,99,Metagross,Beldum / Metang / Metagross,A,1
Metang,691,698,1000,Metang,Beldum / Metang / Metagross,A,1
Metang (Shadow),757,699,1000,Metang,Beldum / Metang / Metagross,A,1
Mew,125,135,85,Mew,Mew /  / ,A,1
Mewtwo,1000,393,17,Mewtwo,Mewtwo /  / ,A,1
Mewtwo (Armored),1000,95,115,Mewtwo,Mewtwo /  / ,A,1
Mewtwo (Shadow),358,343,14,Mewtwo,Mewtwo /  / ,A,1
Mienfoo,958,1000,1000,Mienfoo,Mienfoo / Mienshao / ,A,1
Mienshao,778,644,483,Mienshao,Mienfoo / Mienshao / ,A,1
Mightyena,718,675,1000,Mightyena,Poochyena / Mightyena / ,A,1
Mightyena (Shadow),735,680,1000,Mightyena,Poochyena / Mightyena / ,A,1
Milotic,426,196,140,Milotic,Feebas / Milotic / ,A,1
Miltank,169,141,373,Miltank,Miltank /  / ,A,1
Minun,450,1000,1000,Minun,Minun /  / ,A,1
Misdreavus,732,679,1000,Misdreavus,Misdreavus / Mismagius / ,A,1
Misdreavus (Shadow),715,671,1000,Misdreavus,Misdreavus / Mismagius / ,A,1
Mismagius,784,530,488,Mismagius,Misdreavus / Mismagius / ,A,1
Mismagius (Shadow),873,532,489,Mismagius,Misdreavus / Mismagius / ,A,1
Moltres,476,286,132,Moltres,Moltres /  / ,A,1
Moltres (Galarian),271,106,148,Moltres,Moltres /  / ,A,1
Moltres (Shadow),405,324,174,Moltres,Moltres /  / ,A,1
Monferno,785,1000,1000,Monferno,Chimchar / Monferno / Infernape,A,1
Monferno (Shadow),779,1000,1000,Monferno,Chimchar / Monferno / Infernape,A,1
Mothim,868,1000,1000,Mothim,Burmy / Wormadam / Mothim,A,1
Mr. Mime,851,615,588,Mr. Mime,Mime Jr. / Mr. Mime / Mr. Rime,A,1
Mr. Mime (Galarian),776,661,1000,Mr. Mime,Mime Jr. / Mr. Mime / Mr. Rime,A,1
Mr. Rime,700,525,236,Mr. Rime,Mime Jr. / Mr. Mime / Mr. Rime,A,1
Muk,295,146,322,Muk,Grimer / Muk / ,A,1
Muk (Alolan),396,178,218,Muk,Grimer / Muk / ,A,1
Muk (Alolan) (Shadow),330,199,245,Muk,Grimer / Muk / ,A,1
Muk (Shadow),258,136,300,Muk,Grimer / Muk / ,A,1
Munchlax,141,568,574,Munchlax,Munchlax / Snorlax / ,A,1
Munna,953,1000,1000,Munna,Munna / Musharna / ,A,1
Murkrow,727,1000,1000,Murkrow,Murkrow / Honchkrow / ,A,1
Murkrow (Shadow),796,1000,1000,Murkrow,Murkrow / Honchkrow / ,A,1
Musharna,923,641,534,Musharna,Munna / Musharna / ,A,1
Naganadel,398,363,234,Naganadel,Poipole / Naganadel / ,A,1
Necrozma,1000,442,71,Necrozma,Necrozma /  / ,A,1
Necrozma (Dawn Wings),1000,374,7,Necrozma,Necrozma /  / ,A,1
Necrozma (Dusk Mane),1000,448,15,Necrozma,Necrozma /  / ,A,1
Nidoking,633,557,472,Nidoking,Nidoran / Nidorina / Nidorino / Nidoqueen / Nidoking,A,1
Nidoking (Shadow),559,485,492,Nidoking,Nidoran / Nidorina / Nidorino / Nidoqueen / Nidoking,A,1
Nidoqueen,159,93,302,Nidoqueen,Nidoran / Nidorina / Nidorino / Nidoqueen / Nidoking,A,1
Nidoqueen (Shadow),145,85,291,Nidoqueen,Nidoran / Nidorina / Nidorino / Nidoqueen / Nidoking,A,1
Nidorina,471,1000,1000,Nidorina,Nidoran / Nidorina / Nidorino / Nidoqueen / Nidoking,A,1
Nidorina (Shadow),263,1000,1000,Nidorina,Nidoran / Nidorina / Nidorino / Nidoqueen / Nidoking,A,1
Nidorino,556,1000,1000,Nidorino,Nidoran / Nidorina / Nidorino / Nidoqueen / Nidoking,A,1
Nidorino (Shadow),614,1000,1000,Nidorino,Nidoran / Nidorina / Nidorino / Nidoqueen / Nidoking,A,1
Nihilego,1000,355,86,Nihilego,Nihilego /  / ,A,1
Ninetales,170,124,458,Ninetales,Vulpix / Ninetales / ,A,1
Ninetales (Alolan),88,102,246,Ninetales,Vulpix / Ninetales / ,A,1
Ninetales (Alolan) (Shadow),60,67,195,Ninetales,Vulpix / Ninetales / ,A,1
Ninetales (Shadow),233,200,427,Ninetales,Vulpix / Ninetales / ,A,1
Ninjask,502,1000,1000,Ninjask,Nincada / Ninjask / Shedinja / ,A,1
Noctowl,135,187,484,Noctowl,Hoothoot / Noctowl / ,A,1
Noivern,926,653,540,Noivern,Noibat / Noivern / ,A,1
Nosepass,869,1000,1000,Nosepass,Nosepass / Probopass / ,A,1
Nosepass (Shadow),891,1000,1000,Nosepass,Nosepass / Probopass / ,A,1
Nuzleaf,595,1000,1000,Nuzleaf,Seedot / Nuzleaf / Shiftry,A,1
Nuzleaf (Shadow),533,1000,1000,Nuzleaf,Seedot / Nuzleaf / Shiftry,A,1
Obstagoon,127,77,164,Obstagoon,Zigzagoon / Linoone / Obstagoon,A,1
Octillery,879,622,578,Octillery,Remoraid / Octillery / ,A,1
Oddish,507,1000,1000,Oddish,Oddish / Gloom / Vileplume / Bellossom,A,1
Oddish (Shadow),410,1000,1000,Oddish,Oddish / Gloom / Vileplume / Bellossom,A,1
Oinkologne,351,330,346,Oinkologne,Lechonk / Oinkologne / ,A,1
Oinkologne (Female),213,207,355,Oinkologne,Lechonk / Oinkologne / ,A,1
Omanyte,820,1000,1000,Omanyte,Omanyte / Omastar / ,A,1
Omanyte (Shadow),733,1000,1000,Omanyte,Omanyte / Omastar / ,A,1
Omastar,560,434,383,Omastar,Omanyte / Omastar / ,A,1
Omastar (Shadow),541,394,356,Omastar,Omanyte / Omastar / ,A,1
Onix,679,1000,1000,Onix,Onix / Steelix / ,A,1
Onix (Shadow),675,1000,1000,Onix,Onix / Steelix / ,A,1
Oranguru,440,213,433,Oranguru,Oranguru /  / ,A,1
Oricorio (Baile),794,540,560,Oricorio,Oricorio /  / ,A,1
Oricorio (Pa'u),828,600,575,Oricorio,Oricorio /  / ,A,1
Oricorio (Pom-Pom),719,506,555,Oricorio,Oricorio /  / ,A,1
Oricorio (Sensu),746,562,559,Oricorio,Oricorio /  / ,A,1
Overqwil,150,127,183,Overqwil,Qwilfish / Overqwil / ,A,1
Pachirisu,83,1000,1000,Pachirisu,Pachirisu /  / ,A,1
Palkia,1000,171,6,Palkia,Palkia /  / ,A,1
Palkia (Origin),1000,172,1,Palkia,Palkia /  / ,A,1
Palossand,308,166,296,Palossand,Sandygast / Palossand / ,A,1
Palpitoad,508,1000,1000,Palpitoad,Tympole / Palpitoad / Seismitoad,A,1
Pancham,812,1000,1000,Pancham,Pancham / Pangoro / ,A,1
Pangoro,296,251,166,Pangoro,Pancham / Pangoro / ,A,1
Parasect,499,649,1000,Parasect,Paras / Parasect / ,A,1
Passimian,196,193,157,Passimian,Passimian /  / ,A,1
Pawmo,607,1000,1000,Pawmo,Pawmi / Pawmo / Pawmot,A,1
Pawmot,608,370,459,Pawmot,Pawmi / Pawmo / Pawmot,A,1
Pawniard,536,1000,1000,Pawniard,Pawniard / Bisharp / Kingambit,A,1
Pelipper,22,23,452,Pelipper,Wingull / Pelipper / ,A,1
Perrserker,206,131,371,Perrserker,Meowth / Persian / Perrserker / ,A,1
Persian,876,1000,1000,Persian,Meowth / Persian / Perrserker / ,A,1
Persian (Alolan),821,1000,1000,Persian,Meowth / Persian / Perrserker / ,A,1
Persian (Shadow),856,1000,1000,Persian,Meowth / Persian / Perrserker / ,A,1
Phanpy,838,1000,1000,Phanpy,Phanpy / Donphan / ,A,1
Phanpy (Shadow),823,1000,1000,Phanpy,Phanpy / Donphan / ,A,1
Pheromosa,1000,1000,526,Pheromosa,Pheromosa /  / ,A,1
Pidgeot,31,8,479,Pidgeot,Pidgey / Pidgeotto / Pidgeot,A,1
Pidgeot (Shadow),45,11,447,Pidgeot,Pidgey / Pidgeotto / Pidgeot,A,1
Pidgeotto,379,1000,1000,Pidgeotto,Pidgey / Pidgeotto / Pidgeot,A,1
Pidgeotto (Shadow),529,1000,1000,Pidgeotto,Pidgey / Pidgeotto / Pidgeot,A,1
Pignite,751,673,1000,Pignite,Tepig / Pignite / Emboar,A,1
Piloswine,309,241,262,Piloswine,Swinub / Piloswine / Mamoswine,A,1
Piloswine (Shadow),346,227,258,Piloswine,Swinub / Piloswine / Mamoswine,A,1
Pineco,939,1000,1000,Pineco,Pineco / Forretress / ,A,1
Pineco (Shadow),916,1000,1000,Pineco,Pineco / Forretress / ,A,1
Pinsir,561,411,270,Pinsir,Pinsir /  / ,A,1
Pinsir (Shadow),500,424,235,Pinsir,Pinsir /  / ,A,1
Piplup,877,1000,1000,Piplup,Piplup / Prinplup / Empoleon,A,1
Piplup (Shadow),865,1000,1000,Piplup,Piplup / Prinplup / Empoleon,A,1
Plusle,677,1000,1000,Plusle,Plusle /  / ,A,1
Poipole,539,1000,1000,Poipole,Poipole / Naganadel / ,A,1
Politoed,176,58,285,Politoed,Poliwag / Poliwhirl / Poliwrath / Politoed,A,1
Politoed (Shadow),122,74,266,Politoed,Poliwag / Poliwhirl / Poliwrath / Politoed,A,1
Poliwhirl,431,1000,1000,Poliwhirl,Poliwag / Poliwhirl / Poliwrath / Politoed,A,1
Poliwhirl (Shadow),420,1000,1000,Poliwhirl,Poliwag / Poliwhirl / Poliwrath / Politoed,A,1
Poliwrath,57,6,146,Poliwrath,Poliwag / Poliwhirl / Poliwrath / Politoed,A,1
Poliwrath (Shadow),32,10,147,Poliwrath,Poliwag / Poliwhirl / Poliwrath / Politoed,A,1
Ponyta,672,1000,1000,Ponyta,Ponyta / Rapidash / ,A,1
Ponyta (Galarian),866,1000,1000,Ponyta,Ponyta / Rapidash / ,A,1
Popplio,780,1000,1000,Popplio,Popplio / Brionne / Primarina,A,1
Porygon,596,1000,1000,Porygon,Porygon / Porygon2 / Porygon-Z,A,1
Porygon (Shadow),852,1000,1000,Porygon,Porygon / Porygon2 / Porygon-Z,A,1
Porygon-Z,902,659,251,Porygon-Z,Porygon / Porygon2 / Porygon-Z,A,1
Porygon-Z (Shadow),919,677,264,Porygon-Z,Porygon / Porygon2 / Porygon-Z,A,1
Porygon2,594,325,374,Porygon2,Porygon / Porygon2 / Porygon-Z,A,1
Porygon2 (Shadow),673,385,401,Porygon2,Porygon / Porygon2 / Porygon-Z,A,1
Primarina,390,276,120,Primarina,Popplio / Brionne / Primarina,A,1
Primeape,197,183,337,Primeape,Mankey / Primeape / Annihilape,A,1
Prinplup,503,1000,1000,Prinplup,Piplup / Prinplup / Empoleon,A,1
Prinplup (Shadow),611,1000,1000,Prinplup,Piplup / Prinplup / Empoleon,A,1
Probopass,259,458,496,Probopass,Nosepass / Probopass / ,A,1
Probopass (Shadow),414,500,487,Probopass,Nosepass / Probopass / ,A,1
Pumpkaboo (Average),612,1000,1000,Pumpkaboo,Pumpkaboo / Gourgeist / ,A,1
Pumpkaboo (Large),545,1000,1000,Pumpkaboo,Pumpkaboo / Gourgeist / ,A,1
Pumpkaboo (Small),668,1000,1000,Pumpkaboo,Pumpkaboo / Gourgeist / ,A,1
Pumpkaboo (Super),484,1000,1000,Pumpkaboo,Pumpkaboo / Gourgeist / ,A,1
Pupitar,924,1000,1000,Pupitar,Larvitar / Pupitar / Tyranitar,A,1
Pupitar (Shadow),901,1000,1000,Pupitar,Larvitar / Pupitar / Tyranitar,A,1
Purugly,441,583,1000,Purugly,Glameow / Purugly / ,A,1
Purugly (Shadow),397,533,1000,Purugly,Glameow / Purugly / ,A,1
Pyroar,391,217,263,Pyroar,Litleo / Pyroar / ,A,1
Quagsire,27,237,448,Quagsire,Wooper / Quagsire / Clodsire / ,A,1
Quagsire (Shadow),9,175,453,Quagsire,Wooper / Quagsire / Clodsire / ,A,1
Quaquaval,406,248,224,Quaquaval,Quaxly / Quaxwell / Quaquaval,A,1
Quaxwell,382,1000,1000,Quaxwell,Quaxly / Quaxwell / Quaquaval,A,1
Quilava,771,1000,1000,Quilava,Cyndaquil / Quilava / Typhlosion,A,1
Quilava (Shadow),752,1000,1000,Quilava,Cyndaquil / Quilava / Typhlosion,A,1
Quilladin,180,1000,1000,Quilladin,Chespin / Quilladin / Chesnaught,A,1
Qwilfish,249,371,1000,Qwilfish,Qwilfish / Overqwil / ,A,1
Qwilfish (Hisuian),130,191,1000,Qwilfish,Qwilfish / Overqwil / ,A,1
Raichu,227,260,1000,Raichu,Pichu / Pikachu / Raichu,A,1
Raichu (Alolan),311,258,504,Raichu,Pichu / Pikachu / Raichu,A,1
Raikou,286,89,98,Raikou,Raikou /  / ,A,1
Raikou (Shadow),281,144,92,Raikou,Raikou /  / ,A,1
Rampardos,858,664,443,Rampardos,Cranidos / Rampardos / ,A,1
Rampardos (Shadow),765,631,378,Rampardos,Cranidos / Rampardos / ,A,1
Rapidash,287,150,379,Rapidash,Ponyta / Rapidash / ,A,1
Rapidash (Galarian),448,360,426,Rapidash,Ponyta / Rapidash / ,A,1
Raticate,649,1000,1000,Raticate,Rattata / Raticate / ,A,1
Raticate (Alolan),247,672,1000,Raticate,Rattata / Raticate / ,A,1
Raticate (Alolan) (Shadow),312,669,1000,Raticate,Rattata / Raticate / ,A,1
Raticate (Shadow),684,1000,1000,Raticate,Rattata / Raticate / ,A,1
Rayquaza,454,375,63,Rayquaza,Rayquaza /  / ,A,1
Regice,268,100,208,Regice,Regice /  / ,A,1
Regice (Shadow),399,140,220,Regice,Regice /  / ,A,1
Regidrago,1000,574,338,Regidrago,Regidrago /  / ,A,1
Regieleki,874,594,501,Regieleki,Regieleki /  / ,A,1
Regigigas,1000,702,196,Regigigas,Regigigas /  / ,A,1
Regigigas (Shadow),951,703,214,Regigigas,Regigigas /  / ,A,1
Regirock,55,19,83,Regirock,Regirock /  / ,A,1
Regirock (Shadow),102,33,76,Regirock,Regirock /  / ,A,1
Registeel,1,1,162,Registeel,Registeel /  / ,A,1
Registeel (Shadow),51,9,239,Registeel,Registeel /  / ,A,1
Relicanth,198,158,288,Relicanth,Relicanth /  / ,A,1
Reshiram,1000,372,22,Reshiram,Reshiram /  / ,A,1
Reuniclus,954,689,548,Reuniclus,Solosis / Duosion / Reuniclus,A,1
Reuniclus (Shadow),940,695,572,Reuniclus,Solosis / Duosion / Reuniclus,A,1
Revavroom,392,356,342,Revavroom,Varoom / Revavroom / ,A,1
Rhydon,664,493,207,Rhydon,Rhyhorn / Rhydon / Rhyperior,A,1
Rhydon (Shadow),624,481,212,Rhydon,Rhyhorn / Rhydon / Rhyperior,A,1
Rhyhorn,788,1000,1000,Rhyhorn,Rhyhorn / Rhydon / Rhyperior,A,1
Rhyhorn (Shadow),781,1000,1000,Rhyhorn,Rhyhorn / Rhydon / Rhyperior,A,1
Rhyperior,643,470,81,Rhyperior,Rhyhorn / Rhydon / Rhyperior,A,1
Rhyperior (Shadow),599,467,90,Rhyperior,Rhyhorn / Rhydon / Rhyperior,A,1
Ribombee,843,534,1000,Ribombee,Cutiefly / Ribombee / ,A,1
Roggenrola,846,1000,1000,Roggenrola,Roggenrola / Boldore / Gigalith,A,1
Roselia,824,1000,1000,Roselia,Budew / Roselia / Roserade,A,1
Roserade,359,176,203,Roserade,Budew / Roselia / Roserade,A,1
Rotom,631,604,1000,Rotom,Rotom /  / ,A,1
Rotom (Frost),853,511,527,Rotom,Rotom /  / ,A,1
Rotom (Mow),831,578,528,Rotom,Rotom /  / ,A,1
Rotom (Wash),723,398,485,Rotom,Rotom /  / ,A,1
Rowlet,880,1000,1000,Rowlet,Rowlet / Dartrix / Decidueye,A,1
Rufflet,123,1000,1000,Rufflet,Rufflet / Braviary / ,A,1
Runerigus,139,99,370,Runerigus,Yamask / Cofagrigus / Runerigus / ,A,1
Sableye,65,1000,1000,Sableye,Sableye /  / ,A,1
Sableye (Shadow),116,1000,1000,Sableye,Sableye /  / ,A,1
Salamence,504,291,69,Salamence,Bagon / Shelgon / Salamence,A,1
Salamence (Shadow),477,307,84,Salamence,Bagon / Shelgon / Salamence,A,1
Salazzle,121,119,455,Salazzle,Salandit / Salazzle / ,A,1
Samurott,160,125,172,Samurott,Oshawott / Dewott / Samurott,A,1
Samurott (Hisuian),493,341,215,Samurott,Oshawott / Dewott / Samurott,A,1
Sandshrew,509,1000,1000,Sandshrew,Sandshrew / Sandslash / ,A,1
Sandshrew (Alolan),347,1000,1000,Sandshrew,Sandshrew / Sandslash / ,A,1
Sandshrew (Alolan) (Shadow),417,1000,1000,Sandshrew,Sandshrew / Sandslash / ,A,1
Sandshrew (Shadow),494,1000,1000,Sandshrew,Sandshrew / Sandslash / ,A,1
Sandslash,380,249,348,Sandslash,Sandshrew / Sandslash / ,A,1
Sandslash (Alolan),42,115,244,Sandslash,Sandshrew / Sandslash / ,A,1
Sandslash (Alolan) (Shadow),48,91,210,Sandslash,Sandshrew / Sandslash / ,A,1
Sandslash (Shadow),273,201,327,Sandslash,Sandshrew / Sandslash / ,A,1
Sandygast,478,1000,1000,Sandygast,Sandygast / Palossand / ,A,1
Sawk,645,537,415,Sawk,Sawk /  / ,A,1
Sawk (Shadow),505,482,388,Sawk,Sawk /  / ,A,1
Sawsbuck,883,605,521,Sawsbuck,Deerling / Sawsbuck / ,A,1
Sceptile,313,367,308,Sceptile,Treecko / Grovyle / Sceptile,A,1
Sceptile (Shadow),225,364,303,Sceptile,Treecko / Grovyle / Sceptile,A,1
Scizor,360,326,209,Scizor,Scyther / Scizor / Kleavor / ,A,1
Scizor (Shadow),314,292,204,Scizor,Scyther / Scizor / Kleavor / ,A,1
Scolipede,495,320,469,Scolipede,Venipede / Whirlipede / Scolipede,A,1
Scrafty,94,52,319,Scrafty,Scraggy / Scrafty / ,A,1
Scraggy,646,1000,1000,Scraggy,Scraggy / Scrafty / ,A,1
Scyther,542,391,423,Scyther,Scyther / Scizor / Kleavor / ,A,1
Scyther (Shadow),451,314,339,Scyther,Scyther / Scizor / Kleavor / ,A,1
Seadra,917,684,1000,Seadra,Horsea / Seadra / Kingdra,A,1
Seadra (Shadow),886,692,1000,Seadra,Horsea / Seadra / Kingdra,A,1
Seaking,228,214,470,Seaking,Goldeen / Seaking / ,A,1
Sealeo,142,654,1000,Sealeo,Spheal / Sealeo / Walrein,A,1
Sealeo (Shadow),108,634,1000,Sealeo,Spheal / Sealeo / Walrein,A,1
Seel,710,1000,1000,Seel,Seel / Dewgong / ,A,1
Seismitoad,518,272,331,Seismitoad,Tympole / Palpitoad / Seismitoad,A,1
Serperior,43,68,315,Serperior,Snivy / Servine / Serperior,A,1
Servine,337,1000,1000,Servine,Snivy / Servine / Serperior,A,1
Seviper,464,486,1000,Seviper,Seviper /  / ,A,1
Sharpedo,763,563,1000,Sharpedo,Carvanha / Sharpedo / ,A,1
Sharpedo (Shadow),638,535,1000,Sharpedo,Carvanha / Sharpedo / ,A,1
Shaymin (Land),618,701,561,Shaymin,Shaymin /  / ,A,1
Shaymin (Sky),816,591,189,Shaymin,Shaymin /  / ,A,1
Shelgon,427,584,1000,Shelgon,Bagon / Shelgon / Salamence,A,1
Shelgon (Shadow),587,623,1000,Shelgon,Bagon / Shelgon / Salamence,A,1
Shellos,800,1000,1000,Shellos,Shellos / Gastrodon / ,A,1
Shiftry,241,238,344,Shiftry,Seedot / Nuzleaf / Shiftry,A,1
Shiftry (Shadow),177,190,314,Shiftry,Seedot / Nuzleaf / Shiftry,A,1
Shiinotic,479,579,1000,Shiinotic,Morelull / Shiinotic / ,A,1
Sigilyph,884,655,579,Sigilyph,Sigilyph /  / ,A,1
Simipour,648,508,512,Simipour,Panpour / Simipour / ,A,1
Simisage,480,384,502,Simisage,Pansage / Simisage / ,A,1
Simisear,747,512,542,Simisear,Pansear / Simisear / ,A,1
Sirfetch'd,109,134,129,Sirfetch'd,Farfetch'd / Sirfetch'd / ,A,1
Skarmory,3,22,366,Skarmory,Skarmory /  / ,A,1
Skarmory (Shadow),28,34,328,Skarmory,Skarmory /  / ,A,1
Skeledirge,85,28,113,Skeledirge,Fuecoco / Crocalor / Skeledirge,A,1
Skiddo,945,1000,1000,Skiddo,Skiddo / Gogoat / ,A,1
Skorupi,847,1000,1000,Skorupi,Skorupi / Drapion / ,A,1
Skorupi (Shadow),844,1000,1000,Skorupi,Skorupi / Drapion / ,A,1
Skrelp,685,1000,1000,Skrelp,Skrelp / Dragalge / ,A,1
Skuntank,254,120,428,Skuntank,Stunky / Skuntank / ,A,1
Skuntank (Shadow),250,79,384,Skuntank,Stunky / Skuntank / ,A,1
Slaking,959,706,476,Slaking,Slakoth / Vigoroth / Slaking,A,1
Sliggoo,680,646,596,Sliggoo,Goomy / Sliggoo / Goodra,A,1
Slowbro,421,300,323,Slowbro,Slowpoke / Slowbro / Slowking  / ,A,1
Slowbro (Galarian),276,220,438,Slowbro,Slowpoke / Slowbro / Slowking  / ,A,1
Slowbro (Shadow),400,335,357,Slowbro,Slowpoke / Slowbro / Slowking  / ,A,1
Slowking,411,261,362,Slowking,Slowpoke / Slowbro / Slowking  / ,A,1
Slowking (Galarian),619,429,368,Slowking,Slowpoke / Slowbro / Slowking  / ,A,1
Slowking (Shadow),372,308,398,Slowking,Slowpoke / Slowbro / Slowking  / ,A,1
Slowpoke,686,1000,1000,Slowpoke,Slowpoke / Slowbro / Slowking  / ,A,1
Slowpoke (Galarian),620,1000,1000,Slowpoke,Slowpoke / Slowbro / Slowking  / ,A,1
Slowpoke (Shadow),725,1000,1000,Slowpoke,Slowpoke / Slowbro / Slowking  / ,A,1
Slurpuff,277,278,493,Slurpuff,Swirlix / Slurpuff / ,A,1
Smoochum,625,1000,1000,Smoochum,Smoochum / Jynx / ,A,1
Sneasel,782,613,1000,Sneasel,Sneasel / Weavile / Sneasler / ,A,1
Sneasel (Hisuian),352,386,1000,Sneasel,Sneasel / Weavile / Sneasler / ,A,1
Sneasel (Hisuian) (Shadow),320,412,1000,Sneasel,Sneasel / Weavile / Sneasler / ,A,1
Sneasel (Shadow),817,639,1000,Sneasel,Sneasel / Weavile / Sneasler / ,A,1
Sneasler,181,94,126,Sneasler,Sneasel / Weavile / Sneasler / ,A,1
Sneasler (Shadow),107,69,96,Sneasler,Sneasel / Weavile / Sneasler / ,A,1
Snorlax,188,147,80,Snorlax,Munchlax / Snorlax / ,A,1
Snorlax (Shadow),171,152,65,Snorlax,Munchlax / Snorlax / ,A,1
Snover,740,1000,1000,Snover,Snover / Abomasnow / ,A,1
Snover (Shadow),802,1000,1000,Snover,Snover / Abomasnow / ,A,1
Snubbull,898,1000,1000,Snubbull,Snubbull / Granbull / ,A,1
Snubbull (Shadow),892,1000,1000,Snubbull,Snubbull / Granbull / ,A,1
Solgaleo,1000,267,11,Solgaleo,Cosmog / Cosmoem / Solgaleo,A,1
Solosis,948,1000,1000,Solosis,Solosis / Duosion / Reuniclus,A,1
Solosis (Shadow),941,1000,1000,Solosis,Solosis / Duosion / Reuniclus,A,1
Solrock,825,598,562,Solrock,Solrock /  / ,A,1
Spinda,385,1000,1000,Spinda,Spinda /  / ,A,1
Spiritomb,609,541,551,Spiritomb,Spiritomb /  / ,A,1
Spoink,955,1000,1000,Spoink,Spoink / Grumpig / ,A,1
Spoink (Shadow),950,1000,1000,Spoink,Spoink / Grumpig / ,A,1
Spritzee,335,1000,1000,Spritzee,Spritzee / Aromatisse / ,A,1
Stakataka,1000,529,253,Stakataka,Stakataka /  / ,A,1
Stantler,764,616,1000,Stantler,Stantler / Wyrdeer / ,A,1
Stantler (Shadow),766,614,1000,Stantler,Stantler / Wyrdeer / ,A,1
Staraptor,202,121,301,Staraptor,Starly / Staravia / Staraptor,A,1
Staraptor (Shadow),207,36,305,Staraptor,Starly / Staravia / Staraptor,A,1
Staravia,203,1000,1000,Staravia,Starly / Staravia / Staraptor,A,1
Staravia (Shadow),204,1000,1000,Staravia,Starly / Staravia / Staraptor,A,1
Starmie,893,626,509,Starmie,Staryu / Starmie / ,A,1
Steelix,40,35,227,Steelix,Onix / Steelix / ,A,1
Steelix (Shadow),58,30,271,Steelix,Onix / Steelix / ,A,1
Stoutland,447,313,267,Stoutland,Lillipup / Herdier / Stoutland,A,1
Stufful,724,1000,1000,Stufful,Stufful / Bewear / ,A,1
Stunfisk,89,86,395,Stunfisk,Stunfisk /  / ,A,1
Stunfisk (Galarian),24,48,385,Stunfisk,Stunfisk /  / ,A,1
Stunky,857,1000,1000,Stunky,Stunky / Skuntank / ,A,1
Stunky (Shadow),801,1000,1000,Stunky,Stunky / Skuntank / ,A,1
Sudowoodo,229,233,474,Sudowoodo,Bonsly / Sudowoodo / ,A,1
Sudowoodo (Shadow),366,287,467,Sudowoodo,Bonsly / Sudowoodo / ,A,1
Suicune,432,230,142,Suicune,Suicune /  / ,A,1
Suicune (Shadow),498,242,150,Suicune,Suicune /  / ,A,1
Sunflora,676,571,1000,Sunflora,Sunkern / Sunflora / ,A,1
Swadloon,588,1000,1000,Swadloon,Sewaddle / Swadloon / Leavanny,A,1
Swalot,155,425,546,Swalot,Gulpin / Swalot / ,A,1
Swampert,14,17,45,Swampert,Mudkip / Marshtomp / Swampert,A,1
Swampert (Shadow),13,18,47,Swampert,Mudkip / Marshtomp / Swampert,A,1
Swanna,615,443,1000,Swanna,Ducklett / Swanna / ,A,1
Swanna (Shadow),514,543,1000,Swanna,Ducklett / Swanna / ,A,1
Swellow,163,1000,1000,Swellow,Taillow / Swellow / ,A,1
Swirlix,920,1000,1000,Swirlix,Swirlix / Slurpuff / ,A,1
Swoobat,316,1000,1000,Swoobat,Woobat / Swoobat / ,A,1
Sylveon,321,188,114,Sylveon,Eevee / Vaporeon / Jolteon / Flareon / Espeon / Umbreon / Leafeon / Glaceon / Sylveon / ,A,1
Talonflame,52,20,380,Talonflame,Fletchling / Fletchinder / Talonflame,A,1
Tangela,519,416,529,Tangela,Tangela / Tangrowth / ,A,1
Tangela (Shadow),530,404,524,Tangela,Tangela / Tangrowth / ,A,1
Tangrowth,222,192,156,Tangrowth,Tangela / Tangrowth / ,A,1
Tangrowth (Shadow),199,148,155,Tangrowth,Tangela / Tangrowth / ,A,1
Tapu Bulu,1000,163,59,Tapu Bulu,Tapu Bulu /  / ,A,1
Tapu Fini,78,3,60,Tapu Fini,Tapu Fini /  / ,A,1
Tapu Koko,1000,303,123,Tapu Koko,Tapu Koko /  / ,A,1
Tapu Lele,1000,585,93,Tapu Lele,Tapu Lele /  / ,A,1
Tauros,701,545,478,Tauros,Tauros /  / ,A,1
Teddiursa,726,1000,1000,Teddiursa,Teddiursa / Ursaring / Ursaluna,A,1
Teddiursa (Shadow),695,1000,1000,Teddiursa,Teddiursa / Ursaring / Ursaluna,A,1
Tentacool,928,1000,1000,Tentacool,Tentacool / Tentacruel / ,A,1
Tentacool (Shadow),929,1000,1000,Tentacool,Tentacool / Tentacruel / ,A,1
Tentacruel,208,49,352,Tentacruel,Tentacool / Tentacruel / ,A,1
Tentacruel (Shadow),272,78,411,Tentacruel,Tentacool / Tentacruel / ,A,1
Terrakion,1000,234,72,Terrakion,Terrakion /  / ,A,1
Throh,908,666,549,Throh,Throh /  / ,A,1
Throh (Shadow),910,676,552,Throh,Throh /  / ,A,1
Thundurus (Incarnate),1000,347,187,Thundurus,Thundurus /  / ,A,1
Thundurus (Therian),1000,304,107,Thundurus,Thundurus /  / ,A,1
Timburr,937,1000,1000,Timburr,Timburr / Gurdurr / Conkeldurr,A,1
Tirtouga,422,1000,1000,Tirtouga,Tirtouga / Carracosta / ,A,1
Togedemaru,68,280,1000,Togedemaru,Togedemaru /  / ,A,1
Togekiss,393,239,100,Togekiss,Togepi / Togetic / Togekiss,A,1
Togetic,172,617,1000,Togetic,Togepi / Togetic / Togekiss,A,1
Torkoal,604,478,545,Torkoal,Torkoal /  / ,A,1
Tornadus (Incarnate),1000,683,417,Tornadus,Tornadus /  / ,A,1
Tornadus (Therian),1000,417,205,Tornadus,Tornadus /  / ,A,1
Torracat,772,1000,1000,Torracat,Litten / Torracat / Incineroar,A,1
Torterra,481,476,298,Torterra,Turtwig / Grotle / Torterra,A,1
Torterra (Shadow),361,446,265,Torterra,Turtwig / Grotle / Torterra,A,1
Totodile,914,1000,1000,Totodile,Totodile / Croconaw / Feraligatr,A,1
Totodile (Shadow),913,1000,1000,Totodile,Totodile / Croconaw / Feraligatr,A,1
Toucannon,789,573,494,Toucannon,Pikipek / Trumbeak / Toucannon,A,1
Toxapex,34,531,1000,Toxapex,Mareanie / Toxapex / ,A,1
Toxicroak,151,103,312,Toxicroak,Croagunk / Toxicroak / ,A,1
Toxicroak (Shadow),118,60,306,Toxicroak,Croagunk / Toxicroak / ,A,1
Tranquill,490,1000,1000,Tranquill,Pidove / Tranquill / Unfezant,A,1
Tranquill (Shadow),407,1000,1000,Tranquill,Pidove / Tranquill / Unfezant,A,1
Trapinch,775,1000,1000,Trapinch,Trapinch / Vibrava / Flygon,A,1
Trapinch (Shadow),758,1000,1000,Trapinch,Trapinch / Vibrava / Flygon,A,1
Trevenant,56,41,216,Trevenant,Phantump / Trevenant / ,A,1
Tropius,75,317,517,Tropius,Tropius /  / ,A,1
Trumbeak,895,1000,1000,Trumbeak,Pikipek / Trumbeak / Toucannon,A,1
Tsareena,487,361,177,Tsareena,Bounsweet / Steenee / Tsareena,A,1
Turtonator,244,128,465,Turtonator,Turtonator /  / ,A,1
Turtwig,589,1000,1000,Turtwig,Turtwig / Grotle / Torterra,A,1
Turtwig (Shadow),488,1000,1000,Turtwig,Turtwig / Grotle / Torterra,A,1
Typhlosion,218,113,185,Typhlosion,Cyndaquil / Quilava / Typhlosion,A,1
Typhlosion (Hisuian),461,357,249,Typhlosion,Cyndaquil / Quilava / Typhlosion,A,1
Typhlosion (Shadow),184,116,201,Typhlosion,Cyndaquil / Quilava / Typhlosion,A,1
Tyranitar,681,513,101,Tyranitar,Larvitar / Pupitar / Tyranitar,A,1
Tyranitar (Shadow),626,439,97,Tyranitar,Larvitar / Pupitar / Tyranitar,A,1
Tyrantrum,637,440,307,Tyrantrum,Tyrunt / Tyrantrum / ,A,1
Tyrunt,288,1000,1000,Tyrunt,Tyrunt / Tyrantrum / ,A,1
Umbreon,110,122,391,Umbreon,Eevee / Vaporeon / Jolteon / Flareon / Espeon / Umbreon / Leafeon / Glaceon / Sylveon / ,A,1
Unfezant,907,589,490,Unfezant,Pidove / Tranquill / Unfezant,A,1
Unfezant (Shadow),925,647,519,Unfezant,Pidove / Tranquill / Unfezant,A,1
Unown,957,1000,1000,Unown,Unown /  / ,A,1
Ursaluna,822,593,41,Ursaluna,Teddiursa / Ursaring / Ursaluna,A,1
Ursaluna (Shadow),826,607,40,Ursaluna,Teddiursa / Ursaring / Ursaluna,A,1
Ursaring,374,262,206,Ursaring,Teddiursa / Ursaring / Ursaluna,A,1
Ursaring (Shadow),322,182,173,Ursaring,Teddiursa / Ursaring / Ursaluna,A,1
Uxie,367,167,402,Uxie,Uxie /  / ,A,1
Vanillish,702,1000,1000,Vanillish,Vanillite / Vanillish / Vanilluxe,A,1
Vanilluxe,956,697,568,Vanilluxe,Vanillite / Vanillish / Vanilluxe,A,1
Vaporeon,251,235,128,Vaporeon,Eevee / Vaporeon / Jolteon / Flareon / Espeon / Umbreon / Leafeon / Glaceon / Sylveon / ,A,1
Varoom,905,1000,1000,Varoom,Varoom / Revavroom / ,A,1
Venomoth,682,599,1000,Venomoth,Venonat / Venomoth / ,A,1
Venomoth (Shadow),728,633,1000,Venomoth,Venonat / Venomoth / ,A,1
Venusaur,90,61,230,Venusaur,Bulbasaur / Ivysaur / Venusaur,A,1
Venusaur (Shadow),64,42,233,Venusaur,Bulbasaur / Ivysaur / Venusaur,A,1
Vespiquen,472,523,556,Vespiquen,Combee / Vespiquen / ,A,1
Vibrava,659,1000,1000,Vibrava,Trapinch / Vibrava / Flygon,A,1
Vibrava (Shadow),550,1000,1000,Vibrava,Trapinch / Vibrava / Flygon,A,1
Victini,323,246,119,Victini,Victini /  / ,A,1
Victreebel,153,169,413,Victreebel,Bellsprout / Weepinbell / Victreebel,A,1
Victreebel (Shadow),143,114,381,Victreebel,Bellsprout / Weepinbell / Victreebel,A,1
Vigoroth,29,318,1000,Vigoroth,Slakoth / Vigoroth / Slaking,A,1
Vikavolt,310,273,237,Vikavolt,Grubbin / Charjabug / Vikavolt,A,1
Vileplume,401,426,462,Vileplume,Oddish / Gloom / Vileplume / Bellossom,A,1
Vileplume (Shadow),236,376,419,Vileplume,Oddish / Gloom / Vileplume / Bellossom,A,1
Virizion,1000,16,50,Virizion,Virizion /  / ,A,1
Vivillon,692,1000,1000,Vivillon,Scatterbug / Spewpa / Vivillon,A,1
Volbeat,863,700,1000,Volbeat,Volbeat /  / ,A,1
Volcarona,1000,660,213,Volcarona,Larvesta / Volcarona / ,A,1
Vullaby,269,1000,1000,Vullaby,Vullaby / Mandibuzz / ,A,1
Wailmer,194,1000,1000,Wailmer,Wailmer / Wailord / ,A,1
Wailmer (Shadow),200,1000,1000,Wailmer,Wailmer / Wailord / ,A,1
Wailord,386,421,444,Wailord,Wailmer / Wailord / ,A,1
Wailord (Shadow),356,524,445,Wailord,Wailmer / Wailord / ,A,1
Walrein,82,47,102,Walrein,Spheal / Sealeo / Walrein,A,1
Walrein (Shadow),103,50,104,Walrein,Spheal / Sealeo / Walrein,A,1
Wartortle,562,1000,1000,Wartortle,Squirtle / Wartortle / Blastoise,A,1
Wartortle (Shadow),736,1000,1000,Wartortle,Squirtle / Wartortle / Blastoise,A,1
Watchog,896,1000,1000,Watchog,Patrat / Watchog / ,A,1
Watchog (Shadow),878,1000,1000,Watchog,Patrat / Watchog / ,A,1
Weavile,653,436,151,Weavile,Sneasel / Weavile / Sneasler / ,A,1
Weavile (Shadow),650,430,152,Weavile,Sneasel / Weavile / Sneasler / ,A,1
Weepinbell,523,1000,1000,Weepinbell,Bellsprout / Weepinbell / Victreebel,A,1
Weepinbell (Shadow),482,1000,1000,Weepinbell,Bellsprout / Weepinbell / Victreebel,A,1
Weezing,827,518,583,Weezing,Koffing / Weezing / ,A,1
Weezing (Galarian),136,97,441,Weezing,Koffing / Weezing / ,A,1
Weezing (Shadow),839,555,590,Weezing,Koffing / Weezing / ,A,1
Whimsicott,76,279,1000,Whimsicott,Cottonee / Whimsicott / ,A,1
Whirlipede,860,1000,1000,Whirlipede,Venipede / Whirlipede / Scolipede,A,1
Whiscash,66,138,399,Whiscash,Barboach / Whiscash / ,A,1
Whiscash (Shadow),35,142,389,Whiscash,Barboach / Whiscash / ,A,1
Wigglytuff,59,269,1000,Wigglytuff,Igglybuff / Jigglypuff / Wigglytuff,A,1
Wobbuffet,95,1000,1000,Wobbuffet,Wynaut / Wobbuffet / ,A,1
Wobbuffet (Shadow),423,1000,1000,Wobbuffet,Wynaut / Wobbuffet / ,A,1
Wormadam (Plant),790,690,1000,Wormadam,Burmy / Wormadam / Mothim,A,1
Wormadam (Sandy),819,694,1000,Wormadam,Burmy / Wormadam / Mothim,A,1
Wormadam (Trash),394,1000,1000,Wormadam,Burmy / Wormadam / Mothim,A,1
Wugtrio,786,1000,1000,Wugtrio,Wiglett / Wugtrio / ,A,1
Wyrdeer,576,383,409,Wyrdeer,Stantler / Wyrdeer / ,A,1
Xatu,840,625,593,Xatu,Natu / Xatu / ,A,1
Xatu (Shadow),832,618,591,Xatu,Natu / Xatu / ,A,1
Xerneas,1000,281,19,Xerneas,Xerneas /  / ,A,1
Xurkitree,1000,586,176,Xurkitree,Xurkitree /  / ,A,1
Yanma,457,1000,1000,Yanma,Yanma / Yanmega / ,A,1
Yanmega,466,351,329,Yanmega,Yanma / Yanmega / ,A,1
Yveltal,1000,319,44,Yveltal,Yveltal /  / ,A,1
Zacian (Hero),1000,274,33,Zacian,Zacian /  / ,A,1
Zamazenta (Hero),1000,449,61,Zamazenta,Zamazenta /  / ,A,1
Zangoose,317,223,410,Zangoose,Zangoose /  / ,A,1
Zapdos,128,87,79,Zapdos,Zapdos /  / ,A,1
Zapdos (Galarian),300,159,55,Zapdos,Zapdos /  / ,A,1
Zapdos (Shadow),137,32,68,Zapdos,Zapdos /  / ,A,1
Zarude,1000,336,30,Zarude,Zarude /  / ,A,1
Zebstrika,613,333,491,Zebstrika,Blitzle / Zebstrika / ,A,1
Zebstrika (Shadow),656,414,505,Zebstrika,Blitzle / Zebstrika / ,A,1
Zekrom,1000,208,18,Zekrom,Zekrom /  / ,A,1
Zoroark,767,526,429,Zoroark,Zorua / Zoroark / ,A,1
Zweilous,96,432,1000,Zweilous,Deino / Zweilous / Hydreigon,A,1
Zygarde (10% Forme),634,455,518,Zygarde,Zygarde /  / ,A,1
Zygarde (50% Forme),289,170,58,Zygarde,Zygarde /  / ,A,1
Zygarde (Complete Forme),1000,7,2,Zygarde,Zygarde /  / ,A,1
